,date,decision,opponent,opponent_0,opponent_0_br_id,opponent_br_id,result,title_fight,venue,w-l-d,alias_x,birth name_x,birth place_x,born_x,bouts_x,br_id_x,career_x,debut_x,division_x,draws_x,height_x,losses_x,manager/agent_x,name_x,nationality_x,promoter_x,reach_x,residence_x,rounds_x,sex_x,stance_x,status_x,titles held_x,wins_x,alias_y,birth name_y,birth place_y,born_y,bouts_y,br_id_y,career_y,debut_y,division_y,draws_y,height_y,losses_y,manager/agent_y,name_y,nationality_y,promoter_y,reach_y,residence_y,rounds_y,sex_y,stance_y,status_y,titles held_y,wins_y
0,2019-10-11,L,Roberto Ramirez*,Luis Enrique Luna,336398,501818,TKO,FALSE,"Gimnasio Burocratas, Tijuana",21 2 1,,,,1987-08-23  / age 32,25,336398,,2005-10-29,light,0,,10,,Luis Enrique Luna,Mexico,,,"La Paz, Baja California Sur, Mexico",104,male,,,,15,Rifle,,,1993-01-19  / age 26,25,501818,,2011-12-03,light,1,,2,,Roberto Ramirez,Mexico,,,"Tijuana, Baja California, Mexico",87,male,orthodox,,,22
1,2019-09-13,L,Juan Garcia Mendez,Luis Enrique Luna,336398,493038,RTD,FALSE,"Centro Recreativo Juventud 2000 , Mexicali",19 4 2,,,,1987-08-23  / age 32,25,336398,,2005-10-29,light,0,,10,,Luis Enrique Luna,Mexico,,,"La Paz, Baja California Sur, Mexico",104,male,,,,15,,,,,,,,,,,,,,,,,,,,,,,,
2,2019-08-17,W,Giovany Morales Santos,Luis Enrique Luna,336398,731087,MD,FALSE,"Cancha Manuel Gómez Jiménez, La Paz",0 5 0,,,,1987-08-23  / age 32,25,336398,,2005-10-29,light,0,,10,,Luis Enrique Luna,Mexico,,,"La Paz, Baja California Sur, Mexico",104,male,,,,15,,,,1996-11-21  / age 23,6,731087,,2015-05-30,light,0,,6,,Giovany Morales Santos,Mexico,,,"La Paz, Baja California Sur, Mexico",28,male,,,,0
3,2019-02-02,W,Manuel David Lugo,Luis Enrique Luna,336398,474319,SD,FALSE,"Cancha Manuel Gómez Jiménez, La Paz",11 6 2,,,,1987-08-23  / age 32,25,336398,,2005-10-29,light,0,,10,,Luis Enrique Luna,Mexico,,,"La Paz, Baja California Sur, Mexico",104,male,,,,15,Money,,Mexico,1990-06-26  / age 29,25,474319,,2008-08-30,bantam,2,,10,,Manuel David Lugo,Mexico,,,"Los Mochis, Sinaloa, Mexico",117,male,,,,12
4,2018-12-14,W,Gonzalo Paul Gonzalez,Luis Enrique Luna,336398,843176,UD,FALSE,"Cancha Manuel Gómez Jiménez, La Paz",1 0 0,,,,1987-08-23  / age 32,25,336398,,2005-10-29,light,0,,10,,Luis Enrique Luna,Mexico,,,"La Paz, Baja California Sur, Mexico",104,male,,,,15,,,,,,,,,,,,,,,,,,,,,,,,
5,2018-08-14,L,Ramiro Cesena,Luis Enrique Luna,336398,826609,TKO,FALSE,"Cancha Manuel Gómez Jiménez, La Paz",2 0 1,,,,1987-08-23  / age 32,25,336398,,2005-10-29,light,0,,10,,Luis Enrique Luna,Mexico,,,"La Paz, Baja California Sur, Mexico",104,male,,,,15,,,,,,,,,,,,,,,,,,,,,,,,
6,2011-12-02,L,Jorge Martinez,Luis Enrique Luna,336398,213731,TKO,FALSE,"Gimnasio Auditorio Jorge Campos, La Paz",9 9 0,,,,1987-08-23  / age 32,25,336398,,2005-10-29,light,0,,10,,Luis Enrique Luna,Mexico,,,"La Paz, Baja California Sur, Mexico",104,male,,,,15,,,,,,,,,,,,,,,,,,,,,,,,
7,2011-10-08,L,Ricardo Alvarez,Luis Enrique Luna,336398,459569,KO,FALSE,Los Cabos,14 1 2,,,,1987-08-23  / age 32,25,336398,,2005-10-29,light,0,,10,,Luis Enrique Luna,Mexico,,,"La Paz, Baja California Sur, Mexico",104,male,,,,15,,,,,,,,,,,,,,,,,,,,,,,,
8,2011-10-08,W,Luis Antonio Ramirez,Luis Enrique Luna,459569,336398,TKO,FALSE,"Gimnasio Auditorio Jorge Campos, La Paz",0 1 0,,,,1987-08-23  / age 32,25,336398,,2005-10-29,light,0,,10,,Luis Enrique Luna,Mexico,,,"La Paz, Baja California Sur, Mexico",104,male,,,,15,,,,,,,,,,,,,,,,,,,,,,,,
9,2009-08-01,L,Martin Fing,Luis Enrique Luna,336398,/60626,KO,FALSE,"Modelo Center, La Paz",14 18 1,,,,1987-08-23  / age 32,25,336398,,2005-10-29,light,0,,10,,Luis Enrique Luna,Mexico,,,"La Paz, Baja California Sur, Mexico",104,male,,,,15,,,,,,,,,,,,,,,,,,,,,,,,
10,2009-06-20,W,Oscar Aguilar,Luis Enrique Luna,336398,501419,KO,,"Modelo Center, La Paz",debut,,,,1987-08-23  / age 32,25,336398,,2005-10-29,light,0,,10,,Luis Enrique Luna,Mexico,,,"La Paz, Baja California Sur, Mexico",104,male,,,,15,,,,,,,,,,,,,,,,,,,,,,,,
11,2009-05-15,W,Francisco Flores,Luis Enrique Luna,336398,125345,UD,FALSE,"Modelo Center, La Paz",1 0 0,,,,1987-08-23  / age 32,25,336398,,2005-10-29,light,0,,10,,Luis Enrique Luna,Mexico,,,"La Paz, Baja California Sur, Mexico",104,male,,,,15,,,,,,,,,,,,,,,,,,,,,,,,
12,2009-03-14,L,Martin Fing,Luis Enrique Luna,336398,/60626,TKO,FALSE,"Modelo Center, La Paz",13 17 1,,,,1987-08-23  / age 32,25,336398,,2005-10-29,light,0,,10,,Luis Enrique Luna,Mexico,,,"La Paz, Baja California Sur, Mexico",104,male,,,,15,,,,,,,,,,,,,,,,,,,,,,,,
13,2008-10-31,W,Ricardo Garcia Miranda,Luis Enrique Luna,336398,335129,KO,FALSE,"Cancha Manuel Gómez Jiménez, La Paz",2 4 1,,,,1987-08-23  / age 32,25,336398,,2005-10-29,light,0,,10,,Luis Enrique Luna,Mexico,,,"La Paz, Baja California Sur, Mexico",104,male,,,,15,,,,,,,,,,,,,,,,,,,,,,,,
14,2008-09-13,W,Luis Antonio Ramirez,Luis Enrique Luna,336398,469262,RTD,FALSE,"Estadio de Beisbol Arturo C. Nahl, La Paz",debut,,,,1987-08-23  / age 32,25,336398,,2005-10-29,light,0,,10,,Luis Enrique Luna,Mexico,,,"La Paz, Baja California Sur, Mexico",104,male,,,,15,,,,,,,,,,,,,,,,,,,,,,,,
15,2008-06-14,L,Nery Saguilan,Luis Enrique Luna,336398,392248,UD,FALSE,"Estadio de Beisbol Arturo C. Nahl, La Paz",11 0 0,,,,1987-08-23  / age 32,25,336398,,2005-10-29,light,0,,10,,Luis Enrique Luna,Mexico,,,"La Paz, Baja California Sur, Mexico",104,male,,,,15,Pantera,,"Mexico City, Distrito Federal, Mexico",1988-02-20  / age 31,54,392248,,2007-04-27,super light,1,5′ 7″ / 170cm,14,,Nery Saguilan,Mexico,,,"Mexico City, Distrito Federal, Mexico",380,male,orthodox,,,39
16,2008-04-18,W,Jose Rivera,Luis Enrique Luna,336398,/52632,TKO,FALSE,"Deportivo Corona, La Paz",1 21 0,,,,1987-08-23  / age 32,25,336398,,2005-10-29,light,0,,10,,Luis Enrique Luna,Mexico,,,"La Paz, Baja California Sur, Mexico",104,male,,,,15,,,,,,,,,,,,,,,,,,,,,,,,
17,2008-02-29,W,Mario Espinoza,Luis Enrique Luna,336398,107667,KO,FALSE,"Estadio de Beisbol Arturo C. Nahl, La Paz",debut,,,,1987-08-23  / age 32,25,336398,,2005-10-29,light,0,,10,,Luis Enrique Luna,Mexico,,,"La Paz, Baja California Sur, Mexico",104,male,,,,15,,,,,,,,,,,,,,,,,,,,,,,,
18,2007-09-28,W,Maquina Mendoza,Luis Enrique Luna,336398,425610,KO,FALSE,"Foro Cheve & Music, La Paz",debut,,,,1987-08-23  / age 32,25,336398,,2005-10-29,light,0,,10,,Luis Enrique Luna,Mexico,,,"La Paz, Baja California Sur, Mexico",104,male,,,,15,,,,,,,,,,,,,,,,,,,,,,,,
19,2007-08-31,L,Miguel Garcia,Luis Enrique Luna,336398,378878,RTD,FALSE,"Deportivo Corona, La Paz",2 1 0,,,,1987-08-23  / age 32,25,336398,,2005-10-29,light,0,,10,,Luis Enrique Luna,Mexico,,,"La Paz, Baja California Sur, Mexico",104,male,,,,15,,,,,,,,,,,,,,,,,,,,,,,,
20,2006-12-01,W,Juan Rivera,Luis Enrique Luna,336398,368809,TKO,FALSE,"Estadio de Beisbol Arturo C. Nahl, La Paz",0 2 0,,,,1987-08-23  / age 32,25,336398,,2005-10-29,light,0,,10,,Luis Enrique Luna,Mexico,,,"La Paz, Baja California Sur, Mexico",104,male,,,,15,,,,,,,,,,,,,,,,,,,,,,,,
21,2006-09-01,L,Efren Guerrero,Luis Enrique Luna,336398,182085,MD,FALSE,Loreto,12 4 3,,,,1987-08-23  / age 32,25,336398,,2005-10-29,light,0,,10,,Luis Enrique Luna,Mexico,,,"La Paz, Baja California Sur, Mexico",104,male,,,,15,,,,,,,,,,,,,,,,,,,,,,,,
22,2006-06-17,W,Oscar Espinoza,Luis Enrique Luna,336398,/44443,KO,FALSE,Loreto,debut,,,,1987-08-23  / age 32,25,336398,,2005-10-29,light,0,,10,,Luis Enrique Luna,Mexico,,,"La Paz, Baja California Sur, Mexico",104,male,,,,15,,,,,,,,,,,,,,,,,,,,,,,,
23,2005-12-02,W,Rafael Almaras,Luis Enrique Luna,336398,314921,KO,FALSE,"Estadio de Beisbol Arturo C. Nahl, La Paz",0 0 1,,,,1987-08-23  / age 32,25,336398,,2005-10-29,light,0,,10,,Luis Enrique Luna,Mexico,,,"La Paz, Baja California Sur, Mexico",104,male,,,,15,,,,,,,,,,,,,,,,,,,,,,,,
24,2005-10-29,W,Edgar Burgoin,Luis Enrique Luna,336398,314920,KO,,"Estadio de Beisbol Arturo C. Nahl, La Paz",0 0 1,,,,1987-08-23  / age 32,25,336398,,2005-10-29,light,0,,10,,Luis Enrique Luna,Mexico,,,"La Paz, Baja California Sur, Mexico",104,male,,,,15,,,,,,,,,,,,,,,,,,,,,,,,
25,2019-08-31,L,Erick Gonzalez,Saul Alejandro Gonzalez Meza,800136,831022,TKO,FALSE,"Arena La Paz, La Paz",3 0 1,,,"Baja California Sur, Mexico",1994-11-30  / age 25,9,800136,,2016-12-17,feather,0,,5,,Saul Alejandro Gonzalez Meza,Mexico,,,"La Paz, Baja California Sur, Mexico",29,male,,,,4,,,,,,,,,,,,,,,,,,,,,,,,
26,2019-01-26,L,Kaemy Cloutier,Saul Alejandro Gonzalez Meza,800136,845593,UD,FALSE,"Montreal Casino, Montreal",1 0 0,,,"Baja California Sur, Mexico",1994-11-30  / age 25,9,800136,,2016-12-17,feather,0,,5,,Saul Alejandro Gonzalez Meza,Mexico,,,"La Paz, Baja California Sur, Mexico",29,male,,,,4,,,,,,,,,,,,,,,,,,,,,,,,
27,2018-12-15,W,Jesus Angulo,Saul Alejandro Gonzalez Meza,800136,805926,KO,FALSE,"Auditorio Municipal, Cabo San Lucas",1 1 0,,,"Baja California Sur, Mexico",1994-11-30  / age 25,9,800136,,2016-12-17,feather,0,,5,,Saul Alejandro Gonzalez Meza,Mexico,,,"La Paz, Baja California Sur, Mexico",29,male,,,,4,,,,,,,,,,,,,,,,,,,,,,,,
28,2018-06-22,W,Alfredo Banaga,Saul Alejandro Gonzalez Meza,800136,445784,TKO,FALSE,"Cancha Manuel Gómez Jiménez, La Paz",6 24 0,,,"Baja California Sur, Mexico",1994-11-30  / age 25,9,800136,,2016-12-17,feather,0,,5,,Saul Alejandro Gonzalez Meza,Mexico,,,"La Paz, Baja California Sur, Mexico",29,male,,,,4,,,,,,,,,,,,,,,,,,,,,,,,
29,2018-02-16,L,Aleem Jumakhonov,Saul Alejandro Gonzalez Meza,800136,680510,KO,FALSE,"Salon Mezzanine, Tijuana",6 1 1,,,"Baja California Sur, Mexico",1994-11-30  / age 25,9,800136,,2016-12-17,feather,0,,5,,Saul Alejandro Gonzalez Meza,Mexico,,,"La Paz, Baja California Sur, Mexico",29,male,,,,4,,,,,,,,,,,,,,,,,,,,,,,,
30,2017-12-04,W,Carlos Lozano*,Saul Alejandro Gonzalez Meza,800136,744390,KO,FALSE,"Arena California, La Paz",2 3 0,,,"Baja California Sur, Mexico",1994-11-30  / age 25,9,800136,,2016-12-17,feather,0,,5,,Saul Alejandro Gonzalez Meza,Mexico,,,"La Paz, Baja California Sur, Mexico",29,male,,,,4,,,,,7,744390,,2015-11-14,feather,0,,5,,Carlos Lozano,Mexico,,,"La Paz, Baja California Sur, Mexico",29,male,,,,2
31,2017-09-29,W,Alfredo Banaga,Saul Alejandro Gonzalez Meza,800136,445784,UD,FALSE,La Paz,6 23 0,,,"Baja California Sur, Mexico",1994-11-30  / age 25,9,800136,,2016-12-17,feather,0,,5,,Saul Alejandro Gonzalez Meza,Mexico,,,"La Paz, Baja California Sur, Mexico",29,male,,,,4,,,,,,,,,,,,,,,,,,,,,,,,
32,2017-08-19,L,Luis Carlos Lugo,Saul Alejandro Gonzalez Meza,800136,486624,KO,FALSE,"Plaza de Toros La Sanluquena, Los Cabos",17 6 3,,,"Baja California Sur, Mexico",1994-11-30  / age 25,9,800136,,2016-12-17,feather,0,,5,,Saul Alejandro Gonzalez Meza,Mexico,,,"La Paz, Baja California Sur, Mexico",29,male,,,,4,,,,,,,,,,,,,,,,,,,,,,,,
33,2016-12-17,L,Edson Flores,Saul Alejandro Gonzalez Meza,800136,765697,KO,,"Gimnasio UAT, Reynosa",2 0 0,,,"Baja California Sur, Mexico",1994-11-30  / age 25,9,800136,,2016-12-17,feather,0,,5,,Saul Alejandro Gonzalez Meza,Mexico,,,"La Paz, Baja California Sur, Mexico",29,male,,,,4,,,,,,,,,,,,,,,,,,,,,,,,
34,2019-05-03,L,Hanzel Martinez*,Yonatan Perez Hernandez,641426,489763,MD,FALSE,"Centro de Eventos, Tijuana",23 3 0,,,,1998-05-09  / age 21,17,641426,,2012-07-27,feather,1,,12,,Yonatan Perez Hernandez,Mexico,,,"La Paz, Baja California Sur, Mexico",64,male,,,,4,Rude Boy,,"Tijuana, Baja California, Mexico",1991-11-21  / age 28,28,489763,,2009-03-28,super bantam,0,5′ 8″ / 173cm,3,,Hanzel Martinez,Mexico,,65½″ / 166cm,"Tijuana, Baja California, Mexico",115,male,orthodox,,,25
35,2019-04-27,W,Gilbert Garcia,Yonatan Perez Hernandez,641426,811845,MD,FALSE,"Cheer's Bar, Tijuana",6 0 0,,,,1998-05-09  / age 21,17,641426,,2012-07-27,feather,1,,12,,Yonatan Perez Hernandez,Mexico,,,"La Paz, Baja California Sur, Mexico",64,male,,,,4,,,,,,,,,,,,,,,,,,,,,,,,
36,2018-12-22,L,Juan Ramon Bernal,Yonatan Perez Hernandez,641426,561924,SD,FALSE,"Auditorio Municipal Fausto Gutiérrez Moreno, Tijuana",6 5 1,,,,1998-05-09  / age 21,17,641426,,2012-07-27,feather,1,,12,,Yonatan Perez Hernandez,Mexico,,,"La Paz, Baja California Sur, Mexico",64,male,,,,4,,,,,,,,,,,,,,,,,,,,,,,,
37,2018-11-09,L,Eric Estrada,Yonatan Perez Hernandez,641426,845136,KO,FALSE,"Big Punch Arena, Tijuana",1 0 0,,,,1998-05-09  / age 21,17,641426,,2012-07-27,feather,1,,12,,Yonatan Perez Hernandez,Mexico,,,"La Paz, Baja California Sur, Mexico",64,male,,,,4,,,,,,,,,,,,,,,,,,,,,,,,
38,2018-10-06,L,Jesus Ramon Lugo,Yonatan Perez Hernandez,641426,824200,TKO,FALSE,"Gasmart Stadium, Tijuana",2 1 0,,,,1998-05-09  / age 21,17,641426,,2012-07-27,feather,1,,12,,Yonatan Perez Hernandez,Mexico,,,"La Paz, Baja California Sur, Mexico",64,male,,,,4,,,,,,,,,,,,,,,,,,,,,,,,
39,2018-09-23,L,Ryan Lee Allen,Yonatan Perez Hernandez,641426,748370,UD,FALSE,"Rancho Grande Bar, Tijuana",5 2 1,,,,1998-05-09  / age 21,17,641426,,2012-07-27,feather,1,,12,,Yonatan Perez Hernandez,Mexico,,,"La Paz, Baja California Sur, Mexico",64,male,,,,4,,,,,,,,,,,,,,,,,,,,,,,,
40,2018-04-28,L,Jose Maria Cardenas,Yonatan Perez Hernandez,641426,701331,TKO,,"Plaza de Toros Caliente, Tijuana",14 2 0,,,,1998-05-09  / age 21,17,641426,,2012-07-27,feather,1,,12,,Yonatan Perez Hernandez,Mexico,,,"La Paz, Baja California Sur, Mexico",64,male,,,,4,,,,,,,,,,,,,,,,,,,,,,,,
41,2018-02-16,L,Brandon Valdes,Yonatan Perez Hernandez,641426,750565,RTD,FALSE,"Salon Mezzanine, Tijuana",9 0 0,,,,1998-05-09  / age 21,17,641426,,2012-07-27,feather,1,,12,,Yonatan Perez Hernandez,Mexico,,,"La Paz, Baja California Sur, Mexico",64,male,,,,4,,,"Barranquilla, Colombia",1998-09-03  / age 21,13,750565,,2016-03-11,super bantam,0,,0,,Brandon Valdes,Colombia,,,"Barranquilla, Colombia",52,male,,,,13
42,2017-11-11,L,Darren Cunningham*,Yonatan Perez Hernandez,641426,770824,UD,FALSE,"Casino Hipodromo Agua Caliente, Tijuana",5 0 0,,,,1998-05-09  / age 21,17,641426,,2012-07-27,feather,1,,12,,Yonatan Perez Hernandez,Mexico,,,"La Paz, Baja California Sur, Mexico",64,male,,,,4,DC3,,"Saint Louis, Missouri, USA",1997-04-30  / age 22,10,770824,,2016-08-12,super bantam,0,5′ 6″ / 168cm,0,,Darren Cunningham,USA,,,"North Las Vegas, Nevada, USA",38,male,,,,10
43,2017-11-11,D,Julio Cesar Castillo,Yonatan Perez Hernandez,770824,641426,SD,FALSE,"Gimnasio Independencia, Tijuana",9 2 3,,,,1998-05-09  / age 21,17,641426,,2012-07-27,feather,1,,12,,Yonatan Perez Hernandez,Mexico,,,"La Paz, Baja California Sur, Mexico",64,male,,,,4,,,,,,,,,,,,,,,,,,,,,,,,
44,2017-10-14,L,Erick Gonzalez Hernandez,Yonatan Perez Hernandez,641426,693999,SD,FALSE,"Casino Hipodromo Agua Caliente, Tijuana",10 0 0,,,,1998-05-09  / age 21,17,641426,,2012-07-27,feather,1,,12,,Yonatan Perez Hernandez,Mexico,,,"La Paz, Baja California Sur, Mexico",64,male,,,,4,,,,,,,,,,,,,,,,,,,,,,,,
45,2017-07-15,L,Luis Gerardo Castillo,Yonatan Perez Hernandez,641426,731085,TKO,FALSE,"Auditorio Municipal, Cabo San Lucas",19 1 0,,,,1998-05-09  / age 21,17,641426,,2012-07-27,feather,1,,12,,Yonatan Perez Hernandez,Mexico,,,"La Paz, Baja California Sur, Mexico",64,male,,,,4,,,,,,,,,,,,,,,,,,,,,,,,
46,2015-10-02,W,Cesar Reyes,Yonatan Perez Hernandez,641426,495063,RTD,FALSE,"Arena California, La Paz",2 8 0,,,,1998-05-09  / age 21,17,641426,,2012-07-27,feather,1,,12,,Yonatan Perez Hernandez,Mexico,,,"La Paz, Baja California Sur, Mexico",64,male,,,,4,,,,,,,,,,,,,,,,,,,,,,,,
47,2014-10-17,W,Gabriel Plata,Yonatan Perez Hernandez,641426,603664,TKO,FALSE,La Paz,1 4 0,,,,1998-05-09  / age 21,17,641426,,2012-07-27,feather,1,,12,,Yonatan Perez Hernandez,Mexico,,,"La Paz, Baja California Sur, Mexico",64,male,,,,4,,,,,,,,,,,,,,,,,,,,,,,,
48,2014-09-12,W,Gabriel Plata,Yonatan Perez Hernandez,641426,603664,UD,FALSE,"Arena California, La Paz",1 3 0,,,,1998-05-09  / age 21,17,641426,,2012-07-27,feather,1,,12,,Yonatan Perez Hernandez,Mexico,,,"La Paz, Baja California Sur, Mexico",64,male,,,,4,,,,,,,,,,,,,,,,,,,,,,,,
49,2014-03-15,L,Yohari Martinez,Yonatan Perez Hernandez,641426,680671,PTS,FALSE,"Estadio de Beisbol, Los Cabos",1 0 0,,,,1998-05-09  / age 21,17,641426,,2012-07-27,feather,1,,12,,Yonatan Perez Hernandez,Mexico,,,"La Paz, Baja California Sur, Mexico",64,male,,,,4,,,,,,,,,,,,,,,,,,,,,,,,
50,2012-07-27,L,Eliud De los Santos,Yonatan Perez Hernandez,641426,582751,UD,,,0 1 0,,,,1998-05-09  / age 21,17,641426,,2012-07-27,feather,1,,12,,Yonatan Perez Hernandez,Mexico,,,"La Paz, Baja California Sur, Mexico",64,male,,,,4,,,,,,,,,,,,,,,,,,,,,,,,
51,2019-11-30,W,Gerardo Avila,Jonathan Gonzales,909865,835852,UD,,"Auditorio Municipal, Cabo San Lucas",2 1 0,,,,,1,909865,,2019-11-30,super welter,0,,0,,Jonathan Gonzales,,,,"La Paz, Baja California Sur, Mexico",4,male,,,,1,,,,,,,,,,,,,,,,,,,,,,,,
52,2019-12-13,S,Vincent Avina,Carlos Lozano,744390,843173,,FALSE,"Auditorio Municipal, Tijuana",3 0 1,,,,,7,744390,,2015-11-14,feather,0,,5,,Carlos Lozano,Mexico,,,"La Paz, Baja California Sur, Mexico",29,male,,,,2,,,,,,,,,,,,,,,,,,,,,,,,
53,2019-10-04,L,Erick Navarro,Carlos Lozano,744390,849839,SD,FALSE,"Arena California, La Paz",3 0 0,,,,,7,744390,,2015-11-14,feather,0,,5,,Carlos Lozano,Mexico,,,"La Paz, Baja California Sur, Mexico",29,male,,,,2,,,,,,,,,,,,,,,,,,,,,,,,
54,2017-12-04,L,Saul Alejandro Gonzalez Meza,Carlos Lozano,744390,800136,KO,FALSE,"Arena California, La Paz",1 2 0,,,,,7,744390,,2015-11-14,feather,0,,5,,Carlos Lozano,Mexico,,,"La Paz, Baja California Sur, Mexico",29,male,,,,2,,,"Baja California Sur, Mexico",1994-11-30  / age 25,9,800136,,2016-12-17,feather,0,,5,,Saul Alejandro Gonzalez Meza,Mexico,,,"La Paz, Baja California Sur, Mexico",29,male,,,,4
55,2017-09-29,W,Jovany Morales,Carlos Lozano,744390,738684,UD,FALSE,La Paz,1 0 0,,,,,7,744390,,2015-11-14,feather,0,,5,,Carlos Lozano,Mexico,,,"La Paz, Baja California Sur, Mexico",29,male,,,,2,,,,,6,738684,,2015-10-02,light,0,,4,,Jovany Morales,Mexico,,,"La Paz, Baja California Sur, Mexico",23,male,,,,2
56,2017-07-14,W,Alfredo Banaga,Carlos Lozano,744390,445784,MD,FALSE,La Paz,6 21 0,,,,,7,744390,,2015-11-14,feather,0,,5,,Carlos Lozano,Mexico,,,"La Paz, Baja California Sur, Mexico",29,male,,,,2,,,,,,,,,,,,,,,,,,,,,,,,
57,2016-10-29,L,Sergio Alfredo Chirino Sanchez,Carlos Lozano,744390,781107,UD,FALSE,"Auditorio Municipal, Cabo San Lucas",debut,,,,,7,744390,,2015-11-14,feather,0,,5,,Carlos Lozano,Mexico,,,"La Paz, Baja California Sur, Mexico",29,male,,,,2,,,,,,,,,,,,,,,,,,,,,,,,
58,2016-05-21,L,Julian Orozco,Carlos Lozano,744390,761533,UD,FALSE,"Auditorio de Todos Santos, La Paz",debut,,,,,7,744390,,2015-11-14,feather,0,,5,,Carlos Lozano,Mexico,,,"La Paz, Baja California Sur, Mexico",29,male,,,,2,,,,,,,,,,,,,,,,,,,,,,,,
59,2015-11-14,L,Luis Gerardo Castillo,Carlos Lozano,744390,731085,UD,,Cabo San Lucas,6 0 0,,,,,7,744390,,2015-11-14,feather,0,,5,,Carlos Lozano,Mexico,,,"La Paz, Baja California Sur, Mexico",29,male,,,,2,,,,,,,,,,,,,,,,,,,,,,,,
60,2019-11-16,W,Raul Hinojosa,Hector Coronado,846258,906049,TKO,FALSE,"Event Center, San Antonio",debut,,,"Houston, Texas, USA",,4,846258,,2018-06-16,welter,0,5′ 11″ / 180cm,0,,Hector Coronado,USA,,,"Del Rio, Texas, USA",10,male,orthodox,,,4,,,,,,,,,,,,,,,,,,,,,,,,
61,2019-07-27,W,Adam Ealoms,Hector Coronado,846258,530799,UD,FALSE,"Event Center, Floresville",3 17 3,,,"Houston, Texas, USA",,4,846258,,2018-06-16,welter,0,5′ 11″ / 180cm,0,,Hector Coronado,USA,,,"Del Rio, Texas, USA",10,male,orthodox,,,4,,,"Bryan, Texas, USA",1976-10-17  / age 43,25,530799,,2010-03-06,super welter,3,5′ 9″ / 175cm,18,,Adam Ealoms,USA,,,"Bryan, Texas, USA",103,male,southpaw,,,4
62,2019-04-20,W,Jesus Angulo*,Hector Coronado,846258,545010,TKO,FALSE,"Market Square, San Antonio",4 12 0,,,"Houston, Texas, USA",,4,846258,,2018-06-16,welter,0,5′ 11″ / 180cm,0,,Hector Coronado,USA,,,"Del Rio, Texas, USA",10,male,orthodox,,,4,,,,,,,,,,,,,,,,,,,,,,,,
63,2018-06-16,W,Carlos Eduardo Garcia,Hector Coronado,846258,846259,TKO,,"Auditorio Municipal Milo Martínez de la Rosa, Monclova",debut,,,"Houston, Texas, USA",,4,846258,,2018-06-16,welter,0,5′ 11″ / 180cm,0,,Hector Coronado,USA,,,"Del Rio, Texas, USA",10,male,orthodox,,,4,,,,,3,846259,,,super welter,0,,2,,Carlos Eduardo Garcia,,,,"Guadalupe, Nuevo León, Mexico",11,male,,,,1
64,2019-10-04,W,Jovany Morales,Johny Gonzalez,901103,738684,TKO,,"Arena California, La Paz",2 3 0,,,,,1,901103,,,middle,0,,0,,Johny Gonzalez,,,,"La Paz, Baja California Sur, Mexico",1,male,,,,1,,,,,6,738684,,2015-10-02,light,0,,4,,Jovany Morales,Mexico,,,"La Paz, Baja California Sur, Mexico",23,male,,,,2
65,2019-08-17,L,Luis Enrique Luna,Giovany Morales Santos,731087,336398,MD,FALSE,"Cancha Manuel Gómez Jiménez, La Paz",14 8 0,,,,1996-11-21  / age 23,6,731087,,2015-05-30,light,0,,6,,Giovany Morales Santos,Mexico,,,"La Paz, Baja California Sur, Mexico",28,male,,,,0,,,,1987-08-23  / age 32,25,336398,,2005-10-29,light,0,,10,,Luis Enrique Luna,Mexico,,,"La Paz, Baja California Sur, Mexico",104,male,,,,15
66,2019-05-31,L,Francisco J Mendez,Giovany Morales Santos,731087,864882,UD,FALSE,La Paz,1 0 0,,,,1996-11-21  / age 23,6,731087,,2015-05-30,light,0,,6,,Giovany Morales Santos,Mexico,,,"La Paz, Baja California Sur, Mexico",28,male,,,,0,,,,,2,864882,,2018-12-14,super light,0,,0,,Francisco J Mendez,,,,"La Paz, Baja California Sur, Mexico",6,male,,,,2
67,2018-02-09,L,Gerardo Garcia,Giovany Morales Santos,731087,825451,UD,FALSE,"Gimnasio Independencia, Tijuana",1 0 0,,,,1996-11-21  / age 23,6,731087,,2015-05-30,light,0,,6,,Giovany Morales Santos,Mexico,,,"La Paz, Baja California Sur, Mexico",28,male,,,,0,,,,,,,,,,,,,,,,,,,,,,,,
68,2017-07-14,L,Miguel Adolfo Yepez*,Giovany Morales Santos,731087,706469,MD,FALSE,La Paz,3 2 0,,,,1996-11-21  / age 23,6,731087,,2015-05-30,light,0,,6,,Giovany Morales Santos,Mexico,,,"La Paz, Baja California Sur, Mexico",28,male,,,,0,,,,,,,,,,,,,,,,,,,,,,,,
69,2016-09-30,L,Isai Hernandez,Giovany Morales Santos,731087,738688,UD,FALSE,La Paz,0 0 1,,,,1996-11-21  / age 23,6,731087,,2015-05-30,light,0,,6,,Giovany Morales Santos,Mexico,,,"La Paz, Baja California Sur, Mexico",28,male,,,,0,,,,,,,,,,,,,,,,,,,,,,,,
70,2015-05-30,L,Fernando Burgoin,Giovany Morales Santos,731087,731086,KO,,"Auditorio Municipal, Cabo San Lucas",1 0 0,,,,1996-11-21  / age 23,6,731087,,2015-05-30,light,0,,6,,Giovany Morales Santos,Mexico,,,"La Paz, Baja California Sur, Mexico",28,male,,,,0,,,,,,,,,,,,,,,,,,,,,,,,
71,2019-07-27,L,Robert Kevin Garcia,Marco Castro,870897,864531,TKO,FALSE,"Event Center, Floresville",2 0 0,,,"Del Rio, Texas, USA",2000-02-02  / age 19,3,870897,,2019-04-19,light,0,5′ 8″ / 173cm,1,,Marco Castro,USA,,,"Del Rio, Texas, USA",5,male,orthodox,,,2,,,,,,,,,,,,,,,,,,,,,,,,
72,2019-07-05,W,Jesus Salina,Marco Castro,870897,885996,TKO,FALSE,"Explanada de la Macroplaza, Ciudad Acuna",debut,,,"Del Rio, Texas, USA",2000-02-02  / age 19,3,870897,,2019-04-19,light,0,5′ 8″ / 173cm,1,,Marco Castro,USA,,,"Del Rio, Texas, USA",5,male,orthodox,,,2,,,,,,,,,,,,,,,,,,,,,,,,
73,2019-04-19,W,Jose Cardenas,Marco Castro,870897,826346,DQ,,"Sames Auto Arena, Laredo",4 0 0,,,"Del Rio, Texas, USA",2000-02-02  / age 19,3,870897,,2019-04-19,light,0,5′ 8″ / 173cm,1,,Marco Castro,USA,,,"Del Rio, Texas, USA",5,male,orthodox,,,2,,,,,,,,,,,,,,,,,,,,,,,,
74,2019-11-30,P,Francisco Javier Anaya,Isaias Lucero,878632,471655,,FALSE,"Arena La Paz, La Paz",3 18 4,,,,,4,878632,,2019-02-02,super middle,0,,0,,Isaias Lucero,,,,"La Paz, Baja California Sur, Mexico",10,male,,,,4,,,,1987-05-25  / age 32,25,471655,,2008-09-27,super middle,4,,18,,Francisco Javier Anaya,Mexico,,,"Costa Rica, Sinaloa, Mexico",102,male,,,,3
75,2019-08-31,W,Miguel Angel Lopez*,Isaias Lucero,878632,898181,UD,FALSE,"Arena La Paz, La Paz",debut,,,,,4,878632,,2019-02-02,super middle,0,,0,,Isaias Lucero,,,,"La Paz, Baja California Sur, Mexico",10,male,,,,4,,,,,,,,,,,,,,,,,,,,,,,,
76,2019-05-31,W,Luis Juan Hernandez,Isaias Lucero,878632,550699,TKO,FALSE,La Paz,1 9 0,,,,,4,878632,,2019-02-02,super middle,0,,0,,Isaias Lucero,,,,"La Paz, Baja California Sur, Mexico",10,male,,,,4,,,,1991-03-14  / age 28,16,550699,,2010-08-20,super middle,0,,15,,Luis Juan Hernandez,Mexico,,,"Guamuchil, Sinaloa, Mexico",36,male,,,,1
77,2019-04-13,W,Alberto Pacheco,Isaias Lucero,878632,527659,MD,FALSE,"Cancha Manuel Gómez Jiménez, La Paz",4 11 1,,,,,4,878632,,2019-02-02,super middle,0,,0,,Isaias Lucero,,,,"La Paz, Baja California Sur, Mexico",10,male,,,,4,,,,,,,,,,,,,,,,,,,,,,,,
78,2019-02-02,W,Jaime D Sepulveda,Isaias Lucero,878632,889158,TKO,,"Cancha Manuel Gómez Jiménez, La Paz",debut,,,,,4,878632,,2019-02-02,super middle,0,,0,,Isaias Lucero,,,,"La Paz, Baja California Sur, Mexico",10,male,,,,4,,,,,1,889158,,,cruiser,0,,1,,Jaime D Sepulveda,,,,"Los Cabos, Baja California Sur, Mexico",1,male,,,,0
79,2019-10-04,W,Miguel Alvarez,Ivan Rochin,884068,901105,TKO,FALSE,"Arena California, La Paz",debut,,,,,2,884068,,2019-05-31,welter,0,,0,,Ivan Rochin,,,,"La Paz, Baja California Sur, Mexico",6,male,,,,2,,,,,,,,,,,,,,,,,,,,,,,,
80,2019-05-31,W,Celso Aboyte,Ivan Rochin,884068,884071,TKO,,La Paz,debut,,,,,2,884068,,2019-05-31,welter,0,,0,,Ivan Rochin,,,,"La Paz, Baja California Sur, Mexico",6,male,,,,2,,,,,,,,,,,,,,,,,,,,,,,,
81,2019-05-31,W,Giovany Morales Santos,Francisco J Mendez,864882,731087,UD,FALSE,La Paz,0 4 0,,,,,2,864882,,2018-12-14,super light,0,,0,,Francisco J Mendez,,,,"La Paz, Baja California Sur, Mexico",6,male,,,,2,,,,1996-11-21  / age 23,6,731087,,2015-05-30,light,0,,6,,Giovany Morales Santos,Mexico,,,"La Paz, Baja California Sur, Mexico",28,male,,,,0
82,2018-12-14,W,Huber Dominguez,Francisco J Mendez,864882,864883,TKO,,"Cancha Manuel Gómez Jiménez, La Paz",debut,,,,,2,864882,,2018-12-14,super light,0,,0,,Francisco J Mendez,,,,"La Paz, Baja California Sur, Mexico",6,male,,,,2,,,,,2,864883,,2018-12-14,super light,0,,1,,Huber Dominguez,,,,"La Paz, Baja California Sur, Mexico",6,male,,,,1
83,2018-12-15,D,Omar Alarcon,Mario Yael Diaz,660216,855291,PTS,FALSE,"Auditorio Municipal, Cabo San Lucas",0 0 1,Panchito,,,1999-05-19  / age 20,18,660216,,2013-08-10,feather,2,,15,,Mario Yael Diaz,Mexico,,,"La Paz, Baja California Sur, Mexico",48,male,orthodox,,,1,,,,,,,,,,,,,,,,,,,,,,,,
84,2018-10-20,D,Omar Alarcon,Mario Yael Diaz,660216,855291,PTS,FALSE,"Plaza de Toros La Sanluquena, Los Cabos",debut,Panchito,,,1999-05-19  / age 20,18,660216,,2013-08-10,feather,2,,15,,Mario Yael Diaz,Mexico,,,"La Paz, Baja California Sur, Mexico",48,male,orthodox,,,1,,,,,,,,,,,,,,,,,,,,,,,,
85,2018-02-16,L,Brandon Cruz,Mario Yael Diaz,660216,811833,KO,FALSE,"Salon Mezzanine, Tijuana",2 0 0,Panchito,,,1999-05-19  / age 20,18,660216,,2013-08-10,feather,2,,15,,Mario Yael Diaz,Mexico,,,"La Paz, Baja California Sur, Mexico",48,male,orthodox,,,1,,,"San Diego, California, USA",1998-11-22  / age 21,7,811833,,2017-08-18,feather,0,5′ 8″ / 173cm,1,,Brandon Cruz,USA,,,"San Diego, California, USA",22,male,orthodox,,,6
86,2017-08-19,W,Jesus Angulo,Mario Yael Diaz,660216,805926,SD,FALSE,"Plaza de Toros La Sanluquena, Los Cabos",1 0 0,Panchito,,,1999-05-19  / age 20,18,660216,,2013-08-10,feather,2,,15,,Mario Yael Diaz,Mexico,,,"La Paz, Baja California Sur, Mexico",48,male,orthodox,,,1,,,,,,,,,,,,,,,,,,,,,,,,
87,2016-06-09,L,Jose Reynaldo Leon,Mario Yael Diaz,660216,765999,TKO,FALSE,"Rancho Grande Bar, Tijuana",debut,Panchito,,,1999-05-19  / age 20,18,660216,,2013-08-10,feather,2,,15,,Mario Yael Diaz,Mexico,,,"La Paz, Baja California Sur, Mexico",48,male,orthodox,,,1,,,,,,,,,,,,,,,,,,,,,,,,
88,2015-02-28,L,Rigoberto Hermosillo,Mario Yael Diaz,660216,660656,TKO,FALSE,"Centro De Convenciones, Rosarito",3 0 1,Panchito,,,1999-05-19  / age 20,18,660216,,2013-08-10,feather,2,,15,,Mario Yael Diaz,Mexico,,,"La Paz, Baja California Sur, Mexico",48,male,orthodox,,,1,,,"Guadalajara, Jalisco, Mexico",,15,660656,,2013-08-09,feather,1,5′ 9″ / 175cm,2,,Rigoberto Hermosillo,USA,,,"California, USA",59,male,southpaw,,,11
89,2014-11-05,L,Angel Lopez,Mario Yael Diaz,660216,656207,RTD,FALSE,"Discoteca Hangar 27, Tijuana",5 1 1,Panchito,,,1999-05-19  / age 20,18,660216,,2013-08-10,feather,2,,15,,Mario Yael Diaz,Mexico,,,"La Paz, Baja California Sur, Mexico",48,male,orthodox,,,1,,,,,,,,,,,,,,,,,,,,,,,,
90,2014-10-30,L,Francisco Pedroza,Mario Yael Diaz,660216,634695,TKO,,"Rancho Grande Bar, Tijuana",4 3 2,Panchito,,,1999-05-19  / age 20,18,660216,,2013-08-10,feather,2,,15,,Mario Yael Diaz,Mexico,,,"La Paz, Baja California Sur, Mexico",48,male,orthodox,,,1,,,,,,,,,,,,,,,,,,,,,,,,
91,2014-07-18,L,Salvador Hernandez Sanchez,Mario Yael Diaz,660216,441162,TKO,FALSE,"Hipódromo Caliente, Arena Tecate, Tijuana",5 2 0,Panchito,,,1999-05-19  / age 20,18,660216,,2013-08-10,feather,2,,15,,Mario Yael Diaz,Mexico,,,"La Paz, Baja California Sur, Mexico",48,male,orthodox,,,1,,,,,,,,,,,,,,,,,,,,,,,,
92,2014-06-12,L,Jorge Edgar Sillas,Mario Yael Diaz,660216,567168,TKO,FALSE,"Discoteca Hangar 27, Tijuana",1 13 0,Panchito,,,1999-05-19  / age 20,18,660216,,2013-08-10,feather,2,,15,,Mario Yael Diaz,Mexico,,,"La Paz, Baja California Sur, Mexico",48,male,orthodox,,,1,,,,,,,,,,,,,,,,,,,,,,,,
93,2014-05-30,L,Marcos Rios,Mario Yael Diaz,660216,664507,UD,FALSE,"Black Box, Tijuana",6 0 0,Panchito,,,1999-05-19  / age 20,18,660216,,2013-08-10,feather,2,,15,,Mario Yael Diaz,Mexico,,,"La Paz, Baja California Sur, Mexico",48,male,orthodox,,,1,,,,,,,,,,,,,,,,,,,,,,,,
94,2014-04-24,L,Mario Lara Rivera,Mario Yael Diaz,660216,547493,TKO,FALSE,"Discoteca Hangar 27, Tijuana",4 11 3,Panchito,,,1999-05-19  / age 20,18,660216,,2013-08-10,feather,2,,15,,Mario Yael Diaz,Mexico,,,"La Paz, Baja California Sur, Mexico",48,male,orthodox,,,1,,,,,,,,,,,,,,,,,,,,,,,,
95,2014-04-11,L,Victor Efrain Sandoval*,Mario Yael Diaz,660216,660843,TKO,FALSE,"Hipódromo Caliente, Arena Tecate, Tijuana",3 1 0,Panchito,,,1999-05-19  / age 20,18,660216,,2013-08-10,feather,2,,15,,Mario Yael Diaz,Mexico,,,"La Paz, Baja California Sur, Mexico",48,male,orthodox,,,1,Chucky,,"Tijuana, Baja California, Mexico",1997-07-28  / age 22,35,660843,,2013-08-17,bantam,0,,3,,Victor Efrain Sandoval,Mexico,,,"Tijuana, Baja California, Mexico",138,male,orthodox,,,32
96,2014-02-12,L,Francisco Pedroza,Mario Yael Diaz,660216,634695,TKO,FALSE,"Discoteca Hangar 27, Tijuana",1 3 1,Panchito,,,1999-05-19  / age 20,18,660216,,2013-08-10,feather,2,,15,,Mario Yael Diaz,Mexico,,,"La Paz, Baja California Sur, Mexico",48,male,orthodox,,,1,,,,,,,,,,,,,,,,,,,,,,,,
97,2013-11-08,L,Constancio Alvarado,Mario Yael Diaz,660216,375282,KO,FALSE,Ensenada,2 4 4,Panchito,,,1999-05-19  / age 20,18,660216,,2013-08-10,feather,2,,15,,Mario Yael Diaz,Mexico,,,"La Paz, Baja California Sur, Mexico",48,male,orthodox,,,1,,,,,,,,,,,,,,,,,,,,,,,,
98,2013-10-26,L,Pedro Hacha,Mario Yael Diaz,660216,659927,UD,FALSE,"Caliente Racetrack, Tijuana",2 0 0,Panchito,,,1999-05-19  / age 20,18,660216,,2013-08-10,feather,2,,15,,Mario Yael Diaz,Mexico,,,"La Paz, Baja California Sur, Mexico",48,male,orthodox,,,1,,,,,,,,,,,,,,,,,,,,,,,,
99,2013-09-25,L,Christian Nieto Ayala,Mario Yael Diaz,660216,771738,UD,FALSE,"Salon Las Pulgas, Tijuana",2 0 0,Panchito,,,1999-05-19  / age 20,18,660216,,2013-08-10,feather,2,,15,,Mario Yael Diaz,Mexico,,,"La Paz, Baja California Sur, Mexico",48,male,orthodox,,,1,,,,,,,,,,,,,,,,,,,,,,,,
100,2013-08-10,L,Emmanuel Diaz,Mario Yael Diaz,660216,661394,RTD,,"Papas & Beer, Rosarito",debut,Panchito,,,1999-05-19  / age 20,18,660216,,2013-08-10,feather,2,,15,,Mario Yael Diaz,Mexico,,,"La Paz, Baja California Sur, Mexico",48,male,orthodox,,,1,,,,,,,,,,,,,,,,,,,,,,,,
101,2019-10-04,L,Johny Gonzalez,Jovany Morales,738684,901103,TKO,FALSE,"Arena California, La Paz",debut,,,,,6,738684,,2015-10-02,light,0,,4,,Jovany Morales,Mexico,,,"La Paz, Baja California Sur, Mexico",23,male,,,,2,,,,,1,901103,,,middle,0,,0,,Johny Gonzalez,,,,"La Paz, Baja California Sur, Mexico",1,male,,,,1
102,2018-06-22,L,Erick Gonzalez,Jovany Morales,738684,831022,UD,FALSE,"Cancha Manuel Gómez Jiménez, La Paz",1 0 0,,,,,6,738684,,2015-10-02,light,0,,4,,Jovany Morales,Mexico,,,"La Paz, Baja California Sur, Mexico",23,male,,,,2,,,,,,,,,,,,,,,,,,,,,,,,
103,2018-05-04,W,Carlos Vargas Diaz,Jovany Morales,738684,737877,MD,FALSE,La Paz,1 0 0,,,,,6,738684,,2015-10-02,light,0,,4,,Jovany Morales,Mexico,,,"La Paz, Baja California Sur, Mexico",23,male,,,,2,,,,,,,,,,,,,,,,,,,,,,,,
104,2017-12-04,L,Omar Camargo,Jovany Morales,738684,643206,UD,FALSE,"Arena California, La Paz",3 8 2,,,,,6,738684,,2015-10-02,light,0,,4,,Jovany Morales,Mexico,,,"La Paz, Baja California Sur, Mexico",23,male,,,,2,,,,,,,,,,,,,,,,,,,,,,,,
105,2017-09-29,L,Carlos Lozano*,Jovany Morales,738684,744390,UD,FALSE,La Paz,1 3 0,,,,,6,738684,,2015-10-02,light,0,,4,,Jovany Morales,Mexico,,,"La Paz, Baja California Sur, Mexico",23,male,,,,2,,,,,7,744390,,2015-11-14,feather,0,,5,,Carlos Lozano,Mexico,,,"La Paz, Baja California Sur, Mexico",29,male,,,,2
106,2015-10-02,W,Brian Roman,Jovany Morales,738684,702013,SD,,"Arena California, La Paz",1 1 0,,,,,6,738684,,2015-10-02,light,0,,4,,Jovany Morales,Mexico,,,"La Paz, Baja California Sur, Mexico",23,male,,,,2,,,,,,,,,,,,,,,,,,,,,,,,
107,2019-04-13,W,Xavier Vazquez,Huber Dominguez,864883,781110,UD,FALSE,"Cancha Manuel Gómez Jiménez, La Paz",0 4 0,,,,,2,864883,,2018-12-14,super light,0,,1,,Huber Dominguez,,,,"La Paz, Baja California Sur, Mexico",6,male,,,,1,,,,,5,781110,,2016-10-29,welter,0,,5,,Xavier Vazquez,Mexico,,,"La Paz, Baja California Sur, Mexico",15,male,,,,0
108,2018-12-14,L,Francisco J Mendez,Huber Dominguez,864883,864882,TKO,,"Cancha Manuel Gómez Jiménez, La Paz",debut,,,,,2,864883,,2018-12-14,super light,0,,1,,Huber Dominguez,,,,"La Paz, Baja California Sur, Mexico",6,male,,,,1,,,,,2,864882,,2018-12-14,super light,0,,0,,Francisco J Mendez,,,,"La Paz, Baja California Sur, Mexico",6,male,,,,2
109,2019-10-04,W,Vidal Marquez,Nicolas Patron,901106,901107,UD,,"Arena California, La Paz",debut,,,,,1,901106,,,fly,0,,0,,Nicolas Patron,,,,"La Paz, Baja California Sur, Mexico",4,male,,,,1,,,,,,,,,,,,,,,,,,,,,,,,
110,2019-04-13,L,Huber Dominguez,Xavier Vazquez,781110,864883,UD,FALSE,"Cancha Manuel Gómez Jiménez, La Paz",0 1 0,,,,,5,781110,,2016-10-29,welter,0,,5,,Xavier Vazquez,Mexico,,,"La Paz, Baja California Sur, Mexico",15,male,,,,0,,,,,2,864883,,2018-12-14,super light,0,,1,,Huber Dominguez,,,,"La Paz, Baja California Sur, Mexico",6,male,,,,1
111,2018-02-24,L,Jorge Vaca,Xavier Vazquez,781110,829036,TKO,FALSE,"Domo del Parque San Rafael, Guadalajara",debut,,,,,5,781110,,2016-10-29,welter,0,,5,,Xavier Vazquez,Mexico,,,"La Paz, Baja California Sur, Mexico",15,male,,,,0,Vaca Jr.,,,1995-05-22  / age 24,2,829036,,2018-02-24,welter,1,,0,,Jorge Vaca,,,,"Guadalajara, Jalisco, Mexico",6,male,,,,1
112,2017-11-17,L,Jose Bastida Jr,Xavier Vazquez,781110,821434,TKO,FALSE,"Arena California, La Paz",debut,,,,,5,781110,,2016-10-29,welter,0,,5,,Xavier Vazquez,Mexico,,,"La Paz, Baja California Sur, Mexico",15,male,,,,0,,,,,,,,,,,,,,,,,,,,,,,,
113,2017-05-26,L,Roman Vazquez Sotelo,Xavier Vazquez,781110,746931,TKO,FALSE,"Salon Mezzanine, Tijuana",2 0 0,,,,,5,781110,,2016-10-29,welter,0,,5,,Xavier Vazquez,Mexico,,,"La Paz, Baja California Sur, Mexico",15,male,,,,0,,,,,,,,,,,,,,,,,,,,,,,,
114,2016-10-29,L,William Zepeda*,Xavier Vazquez,781110,744388,KO,,"Auditorio Municipal, Cabo San Lucas",6 0 0,,,,,5,781110,,2016-10-29,welter,0,,5,,Xavier Vazquez,Mexico,,,"La Paz, Baja California Sur, Mexico",15,male,,,,0,,,,,,,,,,,,,,,,,,,,,,,,
115,2019-02-02,D,Luis Angel Navarro,Jose Luis Saiza,821436,889160,MD,FALSE,"Cancha Manuel Gómez Jiménez, La Paz",debut,,,,,3,821436,,2017-11-17,welter,1,,2,,Jose Luis Saiza,Mexico,,,"La Paz, Baja California Sur, Mexico",12,male,,,,0,,,,,1,889160,,,super welter,1,,0,,Luis Angel Navarro,,,,"Los Cabos, Baja California Sur, Mexico",4,male,,,,0
116,2018-08-18,L,Luis Gerardo Avila*,Jose Luis Saiza,821436,245839,KO,FALSE,"Plaza de Toros La Sanluquena, Los Cabos",6 12 3,,,,,3,821436,,2017-11-17,welter,1,,2,,Jose Luis Saiza,Mexico,,,"La Paz, Baja California Sur, Mexico",12,male,,,,0,,,,,,,,,,,,,,,,,,,,,,,,
117,2017-11-17,L,Luciano Hernandez Garcia,Jose Luis Saiza,821436,821435,UD,,"Arena California, La Paz",1 0 0,,,,,3,821436,,2017-11-17,welter,1,,2,,Jose Luis Saiza,Mexico,,,"La Paz, Baja California Sur, Mexico",12,male,,,,0,,,,1997-09-18  / age 22,11,821435,,2017-09-01,middle,0,,6,,Luciano Hernandez Garcia,Mexico,,,"Tijuana, Baja California, Mexico",37,male,,,,3
118,2019-09-21,L,Jan Salvatierra,Juan Blas Meza,849844,883779,UD,FALSE,"Auditorio del Estado, Mexicali",2 0 0,,,,,2,849844,,2018-08-14,light fly,0,,2,,Juan Blas Meza,Mexico,,,"La Paz, Baja California Sur, Mexico",5,male,,,,0,,,,,,,,,,,,,,,,,,,,,,,,
119,2018-08-14,L,Ayumu Hanada,Juan Blas Meza,849844,849843,TKO,,"Cancha Manuel Gómez Jiménez, La Paz",debut,,,,,2,849844,,2018-08-14,light fly,0,,2,,Juan Blas Meza,Mexico,,,"La Paz, Baja California Sur, Mexico",5,male,,,,0,,,,,,,,,,,,,,,,,,,,,,,,
120,2019-08-17,L,Armando Appel,Carlos Del Real,855289,864881,TKO,FALSE,"Cancha Manuel Gómez Jiménez, La Paz",2 1 0,Carlitos,,,,3,855289,,2018-10-20,super fly,0,,3,,Carlos Del Real,,,,"La Paz, Baja California Sur, Mexico",10,male,,,,0,,,,,,,,,,,,,,,,,,,,,,,,
121,2018-12-14,L,Armando Appel,Carlos Del Real,855289,864881,UD,FALSE,"Cancha Manuel Gómez Jiménez, La Paz",debut,Carlitos,,,,3,855289,,2018-10-20,super fly,0,,3,,Carlos Del Real,,,,"La Paz, Baja California Sur, Mexico",10,male,,,,0,,,,,,,,,,,,,,,,,,,,,,,,
122,2018-10-20,L,Rene Casimiro,Carlos Del Real,855289,722921,KO,,"Plaza de Toros La Sanluquena, Los Cabos",5 9 1,Carlitos,,,,3,855289,,2018-10-20,super fly,0,,3,,Carlos Del Real,,,,"La Paz, Baja California Sur, Mexico",10,male,,,,0,,,,,,,,,,,,,,,,,,,,,,,,
123,date,decision,opponent,opponent_0,opponent_0_br_id,opponent_br_id,result,title_fight,venue,w-l-d,,,,,,,,,,,,,,,,,,,,,,,,,,,,,,,,,,,,,,,,,,,,,,,,
124,2019-12-08,S,Thunder Teruya,Tsuyoshi Naito,549063,712813,,FALSE,"Ishikawa Multipurpose Dome, Uruma",5 7 1,,,"Asaka, Saitama, Japan",,13,549063,,2010-09-20,super feather,4,,5,,Tsuyoshi Naito,Japan,,,"Tokyo, Japan",42,male,orthodox,,,4,,,,,,,,,,,,,,,,,,,,,,,,
125,2019-12-08,S,Thunder Teruya,Tsuyoshi Naito,549063,712813,,FALSE,"Ishikawa Multipurpose Dome, Uruma",5 7 1,,,"Asaka, Saitama, Japan",,13,549063,,2010-09-20,super feather,4,,5,,Tsuyoshi Naito,Japan,,,"Tokyo, Japan",42,male,orthodox,,,4,,,,,,,,,,,,,,,,,,,,,,,,
126,2019-07-06,L,Takayoshi Suzuki,Tsuyoshi Naito,549063,802457,RTD,FALSE,Korakuen Hall,3 1 1,,,"Asaka, Saitama, Japan",,13,549063,,2010-09-20,super feather,4,,5,,Tsuyoshi Naito,Japan,,,"Tokyo, Japan",42,male,orthodox,,,4,,,"Nagoya, Aichi, Japan",1998-02-17  / age 21,7,802457,,2017-07-01,super bantam,1,,1,,Takayoshi Suzuki,Japan,,,"Tokyo, Japan",26,male,orthodox,,,5
127,2019-07-06,L,Takayoshi Suzuki,Tsuyoshi Naito,549063,802457,RTD,FALSE,Korakuen Hall,3 1 1,,,"Asaka, Saitama, Japan",,13,549063,,2010-09-20,super feather,4,,5,,Tsuyoshi Naito,Japan,,,"Tokyo, Japan",42,male,orthodox,,,4,,,"Nagoya, Aichi, Japan",1998-02-17  / age 21,7,802457,,2017-07-01,super bantam,1,,1,,Takayoshi Suzuki,Japan,,,"Tokyo, Japan",26,male,orthodox,,,5
128,2016-04-10,L,Shun Shimazaki,Tsuyoshi Naito,549063,570419,KO,FALSE,"City Culture Hall, Soka",6 8 1,,,"Asaka, Saitama, Japan",,13,549063,,2010-09-20,super feather,4,,5,,Tsuyoshi Naito,Japan,,,"Tokyo, Japan",42,male,orthodox,,,4,,,,,,,,,,,,,,,,,,,,,,,,
129,2016-04-10,L,Shun Shimazaki,Tsuyoshi Naito,549063,570419,KO,FALSE,"City Culture Hall, Soka",6 8 1,,,"Asaka, Saitama, Japan",,13,549063,,2010-09-20,super feather,4,,5,,Tsuyoshi Naito,Japan,,,"Tokyo, Japan",42,male,orthodox,,,4,,,,,,,,,,,,,,,,,,,,,,,,
130,2015-09-05,D,Katsunori Imai,Tsuyoshi Naito,549063,384867,SD,FALSE,Korakuen Hall,5 6 2,,,"Asaka, Saitama, Japan",,13,549063,,2010-09-20,super feather,4,,5,,Tsuyoshi Naito,Japan,,,"Tokyo, Japan",42,male,orthodox,,,4,,,,,,,,,,,,,,,,,,,,,,,,
131,2015-09-05,D,Katsunori Imai,Tsuyoshi Naito,549063,384867,SD,FALSE,Korakuen Hall,5 6 2,,,"Asaka, Saitama, Japan",,13,549063,,2010-09-20,super feather,4,,5,,Tsuyoshi Naito,Japan,,,"Tokyo, Japan",42,male,orthodox,,,4,,,,,,,,,,,,,,,,,,,,,,,,
132,2015-05-06,W,Tatsushi Kagawa,Tsuyoshi Naito,549063,330937,TKO,FALSE,Ota-City General Gymnasium,4 8 1,,,"Asaka, Saitama, Japan",,13,549063,,2010-09-20,super feather,4,,5,,Tsuyoshi Naito,Japan,,,"Tokyo, Japan",42,male,orthodox,,,4,,,,,,,,,,,,,,,,,,,,,,,,
133,2015-05-06,W,Tatsushi Kagawa,Tsuyoshi Naito,549063,330937,TKO,FALSE,Ota-City General Gymnasium,4 8 1,,,"Asaka, Saitama, Japan",,13,549063,,2010-09-20,super feather,4,,5,,Tsuyoshi Naito,Japan,,,"Tokyo, Japan",42,male,orthodox,,,4,,,,,,,,,,,,,,,,,,,,,,,,
134,2014-01-10,D,Yuta Itagaki,Tsuyoshi Naito,549063,607881,SD,FALSE,Korakuen Hall,2 1 0,,,"Asaka, Saitama, Japan",,13,549063,,2010-09-20,super feather,4,,5,,Tsuyoshi Naito,Japan,,,"Tokyo, Japan",42,male,orthodox,,,4,,,,,,,,,,,,,,,,,,,,,,,,
135,2014-01-10,D,Yuta Itagaki,Tsuyoshi Naito,549063,607881,SD,FALSE,Korakuen Hall,2 1 0,,,"Asaka, Saitama, Japan",,13,549063,,2010-09-20,super feather,4,,5,,Tsuyoshi Naito,Japan,,,"Tokyo, Japan",42,male,orthodox,,,4,,,,,,,,,,,,,,,,,,,,,,,,
136,2013-10-04,W,Kazuo Shimada,Tsuyoshi Naito,549063,561990,UD,FALSE,Korakuen Hall,2 6 0,,,"Asaka, Saitama, Japan",,13,549063,,2010-09-20,super feather,4,,5,,Tsuyoshi Naito,Japan,,,"Tokyo, Japan",42,male,orthodox,,,4,,,,,,,,,,,,,,,,,,,,,,,,
137,2013-10-04,W,Kazuo Shimada,Tsuyoshi Naito,549063,561990,UD,FALSE,Korakuen Hall,2 6 0,,,"Asaka, Saitama, Japan",,13,549063,,2010-09-20,super feather,4,,5,,Tsuyoshi Naito,Japan,,,"Tokyo, Japan",42,male,orthodox,,,4,,,,,,,,,,,,,,,,,,,,,,,,
138,2013-04-03,L,Ryosuke Goku Tsuboi,Tsuyoshi Naito,549063,628970,UD,FALSE,Korakuen Hall,1 0 0,,,"Asaka, Saitama, Japan",,13,549063,,2010-09-20,super feather,4,,5,,Tsuyoshi Naito,Japan,,,"Tokyo, Japan",42,male,orthodox,,,4,,,,,,,,,,,,,,,,,,,,,,,,
139,2013-04-03,L,Ryosuke Goku Tsuboi,Tsuyoshi Naito,549063,628970,UD,FALSE,Korakuen Hall,1 0 0,,,"Asaka, Saitama, Japan",,13,549063,,2010-09-20,super feather,4,,5,,Tsuyoshi Naito,Japan,,,"Tokyo, Japan",42,male,orthodox,,,4,,,,,,,,,,,,,,,,,,,,,,,,
140,2012-11-22,L,Masajiro Honda,Tsuyoshi Naito,549063,572953,KO,FALSE,Korakuen Hall,2 2 0,,,"Asaka, Saitama, Japan",,13,549063,,2010-09-20,super feather,4,,5,,Tsuyoshi Naito,Japan,,,"Tokyo, Japan",42,male,orthodox,,,4,,,"Chigasaki, Kanagawa, Japan",1990-07-26  / age 29,18,572953,,2011-06-05,feather,0,5′ 6″ / 168cm,12,,Masajiro Honda,Japan,,,"Hiratsuka, Kanagawa, Japan",75,male,orthodox,,,6
141,2012-11-22,L,Masajiro Honda,Tsuyoshi Naito,549063,572953,KO,FALSE,Korakuen Hall,2 2 0,,,"Asaka, Saitama, Japan",,13,549063,,2010-09-20,super feather,4,,5,,Tsuyoshi Naito,Japan,,,"Tokyo, Japan",42,male,orthodox,,,4,,,"Chigasaki, Kanagawa, Japan",1990-07-26  / age 29,18,572953,,2011-06-05,feather,0,5′ 6″ / 168cm,12,,Masajiro Honda,Japan,,,"Hiratsuka, Kanagawa, Japan",75,male,orthodox,,,6
142,2012-04-10,D,Reo Komiyama,Tsuyoshi Naito,549063,581600,TD,FALSE,Korakuen Hall,2 0 0,,,"Asaka, Saitama, Japan",,13,549063,,2010-09-20,super feather,4,,5,,Tsuyoshi Naito,Japan,,,"Tokyo, Japan",42,male,orthodox,,,4,,,,,,,,,,,,,,,,,,,,,,,,
143,2012-04-10,D,Reo Komiyama,Tsuyoshi Naito,549063,581600,TD,FALSE,Korakuen Hall,2 0 0,,,"Asaka, Saitama, Japan",,13,549063,,2010-09-20,super feather,4,,5,,Tsuyoshi Naito,Japan,,,"Tokyo, Japan",42,male,orthodox,,,4,,,,,,,,,,,,,,,,,,,,,,,,
144,2011-11-18,W,Yutaro Maruno,Tsuyoshi Naito,549063,542158,MD,FALSE,Korakuen Hall,1 2 1,,,"Asaka, Saitama, Japan",,13,549063,,2010-09-20,super feather,4,,5,,Tsuyoshi Naito,Japan,,,"Tokyo, Japan",42,male,orthodox,,,4,,,,,,,,,,,,,,,,,,,,,,,,
145,2011-11-18,W,Yutaro Maruno,Tsuyoshi Naito,549063,542158,MD,FALSE,Korakuen Hall,1 2 1,,,"Asaka, Saitama, Japan",,13,549063,,2010-09-20,super feather,4,,5,,Tsuyoshi Naito,Japan,,,"Tokyo, Japan",42,male,orthodox,,,4,,,,,,,,,,,,,,,,,,,,,,,,
146,2011-07-22,D,Yutaro Maruno,Tsuyoshi Naito,549063,542158,TD,FALSE,Korakuen Hall,1 2 0,,,"Asaka, Saitama, Japan",,13,549063,,2010-09-20,super feather,4,,5,,Tsuyoshi Naito,Japan,,,"Tokyo, Japan",42,male,orthodox,,,4,,,,,,,,,,,,,,,,,,,,,,,,
147,2011-07-22,D,Yutaro Maruno,Tsuyoshi Naito,549063,542158,TD,FALSE,Korakuen Hall,1 2 0,,,"Asaka, Saitama, Japan",,13,549063,,2010-09-20,super feather,4,,5,,Tsuyoshi Naito,Japan,,,"Tokyo, Japan",42,male,orthodox,,,4,,,,,,,,,,,,,,,,,,,,,,,,
148,2011-04-07,L,Kazuyuki Yamao,Tsuyoshi Naito,549063,312239,UD,FALSE,Korakuen Hall,0 1 1,,,"Asaka, Saitama, Japan",,13,549063,,2010-09-20,super feather,4,,5,,Tsuyoshi Naito,Japan,,,"Tokyo, Japan",42,male,orthodox,,,4,,,,,,,,,,,,,,,,,,,,,,,,
149,2011-04-07,L,Kazuyuki Yamao,Tsuyoshi Naito,549063,312239,UD,FALSE,Korakuen Hall,0 1 1,,,"Asaka, Saitama, Japan",,13,549063,,2010-09-20,super feather,4,,5,,Tsuyoshi Naito,Japan,,,"Tokyo, Japan",42,male,orthodox,,,4,,,,,,,,,,,,,,,,,,,,,,,,
150,2010-09-20,W,Takahiro Sato,Tsuyoshi Naito,549063,540975,TKO,,"Super Arena, Saitama",1 0 0,,,"Asaka, Saitama, Japan",,13,549063,,2010-09-20,super feather,4,,5,,Tsuyoshi Naito,Japan,,,"Tokyo, Japan",42,male,orthodox,,,4,,,,,,,,,,,,,,,,,,,,,,,,
151,2010-09-20,W,Takahiro Sato,Tsuyoshi Naito,549063,540975,TKO,,"Super Arena, Saitama",1 0 0,,,"Asaka, Saitama, Japan",,13,549063,,2010-09-20,super feather,4,,5,,Tsuyoshi Naito,Japan,,,"Tokyo, Japan",42,male,orthodox,,,4,,,,,,,,,,,,,,,,,,,,,,,,
152,2019-10-31,W,Ikuma Tanigawa,Takahiro Nakatsuka,846449,814707,UD,FALSE,Korakuen Hall,1 2 2,,,"Tokyo, Japan",1999-03-01  / age 20,4,846449,,2018-08-16,feather,0,,2,,Takahiro Nakatsuka,Japan,,,"Tokyo, Japan",16,male,orthodox,,,2,,,,,,,,,,,,,,,,,,,,,,,,
153,2019-10-31,W,Ikuma Tanigawa,Takahiro Nakatsuka,846449,814707,UD,FALSE,Korakuen Hall,1 2 2,,,"Tokyo, Japan",1999-03-01  / age 20,4,846449,,2018-08-16,feather,0,,2,,Takahiro Nakatsuka,Japan,,,"Tokyo, Japan",16,male,orthodox,,,2,,,,,,,,,,,,,,,,,,,,,,,,
154,2019-04-05,L,Daiki Takeuchi,Takahiro Nakatsuka,846449,829275,MD,FALSE,Korakuen Hall,1 1 0,,,"Tokyo, Japan",1999-03-01  / age 20,4,846449,,2018-08-16,feather,0,,2,,Takahiro Nakatsuka,Japan,,,"Tokyo, Japan",16,male,orthodox,,,2,,,,,,,,,,,,,,,,,,,,,,,,
155,2019-04-05,L,Daiki Takeuchi,Takahiro Nakatsuka,846449,829275,MD,FALSE,Korakuen Hall,1 1 0,,,"Tokyo, Japan",1999-03-01  / age 20,4,846449,,2018-08-16,feather,0,,2,,Takahiro Nakatsuka,Japan,,,"Tokyo, Japan",16,male,orthodox,,,2,,,,,,,,,,,,,,,,,,,,,,,,
156,2018-12-13,W,Ryota Tsuchiya,Takahiro Nakatsuka,846449,846448,UD,FALSE,Korakuen Hall,1 0 0,,,"Tokyo, Japan",1999-03-01  / age 20,4,846449,,2018-08-16,feather,0,,2,,Takahiro Nakatsuka,Japan,,,"Tokyo, Japan",16,male,orthodox,,,2,,,,,,,,,,,,,,,,,,,,,,,,
157,2018-12-13,W,Ryota Tsuchiya,Takahiro Nakatsuka,846449,846448,UD,FALSE,Korakuen Hall,1 0 0,,,"Tokyo, Japan",1999-03-01  / age 20,4,846449,,2018-08-16,feather,0,,2,,Takahiro Nakatsuka,Japan,,,"Tokyo, Japan",16,male,orthodox,,,2,,,,,,,,,,,,,,,,,,,,,,,,
158,2018-08-16,L,Ryota Tsuchiya,Takahiro Nakatsuka,846449,846448,SD,,Korakuen Hall,debut,,,"Tokyo, Japan",1999-03-01  / age 20,4,846449,,2018-08-16,feather,0,,2,,Takahiro Nakatsuka,Japan,,,"Tokyo, Japan",16,male,orthodox,,,2,,,,,,,,,,,,,,,,,,,,,,,,
159,2018-08-16,L,Ryota Tsuchiya,Takahiro Nakatsuka,846449,846448,SD,,Korakuen Hall,debut,,,"Tokyo, Japan",1999-03-01  / age 20,4,846449,,2018-08-16,feather,0,,2,,Takahiro Nakatsuka,Japan,,,"Tokyo, Japan",16,male,orthodox,,,2,,,,,,,,,,,,,,,,,,,,,,,,
160,2019-05-04,L,Shinta Aihara,Rostislav O,853413,662630,UD,FALSE,Korakuen Hall,2 3 0,,,"Bishkek, Kyrgyzstan",1991-05-13  / age 28,2,853413,,2018-10-06,bantam,0,,2,,Rostislav O,Kyrgyzstan,,,"Tokyo, Japan",8,male,orthodox,,,0,,,,,,,,,,,,,,,,,,,,,,,,
161,2019-05-04,L,Shinta Aihara,Rostislav O,853413,662630,UD,FALSE,Korakuen Hall,2 3 0,,,"Bishkek, Kyrgyzstan",1991-05-13  / age 28,2,853413,,2018-10-06,bantam,0,,2,,Rostislav O,Kyrgyzstan,,,"Tokyo, Japan",8,male,orthodox,,,0,,,,,,,,,,,,,,,,,,,,,,,,
162,2019-05-04,L,Shinta Aihara,Rostislav O,853413,662630,UD,FALSE,Korakuen Hall,2 3 0,,,"Bishkek, Kyrgyzstan",1991-05-13  / age 28,2,853413,,2018-10-06,bantam,0,,2,,Rostislav O,Kyrgyzstan,,,"Tokyo, Japan",8,male,orthodox,,,0,,,,,,,,,,,,,,,,,,,,,,,,
163,2018-10-06,L,Takayoshi Suzuki,Rostislav O,853413,802457,TD,,Korakuen Hall,1 1 1,,,"Bishkek, Kyrgyzstan",1991-05-13  / age 28,2,853413,,2018-10-06,bantam,0,,2,,Rostislav O,Kyrgyzstan,,,"Tokyo, Japan",8,male,orthodox,,,0,,,"Nagoya, Aichi, Japan",1998-02-17  / age 21,7,802457,,2017-07-01,super bantam,1,,1,,Takayoshi Suzuki,Japan,,,"Tokyo, Japan",26,male,orthodox,,,5
164,2018-10-06,L,Takayoshi Suzuki,Rostislav O,853413,802457,TD,,Korakuen Hall,1 1 1,,,"Bishkek, Kyrgyzstan",1991-05-13  / age 28,2,853413,,2018-10-06,bantam,0,,2,,Rostislav O,Kyrgyzstan,,,"Tokyo, Japan",8,male,orthodox,,,0,,,"Nagoya, Aichi, Japan",1998-02-17  / age 21,7,802457,,2017-07-01,super bantam,1,,1,,Takayoshi Suzuki,Japan,,,"Tokyo, Japan",26,male,orthodox,,,5
165,2018-10-06,L,Takayoshi Suzuki,Rostislav O,853413,802457,TD,,Korakuen Hall,1 1 1,,,"Bishkek, Kyrgyzstan",1991-05-13  / age 28,2,853413,,2018-10-06,bantam,0,,2,,Rostislav O,Kyrgyzstan,,,"Tokyo, Japan",8,male,orthodox,,,0,,,"Nagoya, Aichi, Japan",1998-02-17  / age 21,7,802457,,2017-07-01,super bantam,1,,1,,Takayoshi Suzuki,Japan,,,"Tokyo, Japan",26,male,orthodox,,,5
166,2019-04-05,L,Ryu Ueda*,Yamato Fujinaka,537308,686774,TKO,FALSE,Korakuen Hall,7 1 1,,,"Miyazaki, Miyazaki, Japan",1985-09-02  / age 34,13,537308,,2010-05-19,heavy,0,,6,,Yamato Fujinaka,Japan,,,"Tokyo, Japan",54,male,orthodox,,,7,,,"Tokyo, Japan",1992-06-09  / age 27,10,686774,,2014-05-03,heavy,1,,1,,Ryu Ueda,Japan,,,"Tokyo, Japan",35,male,southpaw,,,8
167,2019-04-05,L,Ryu Ueda*,Yamato Fujinaka,537308,686774,TKO,FALSE,Korakuen Hall,7 1 1,,,"Miyazaki, Miyazaki, Japan",1985-09-02  / age 34,13,537308,,2010-05-19,heavy,0,,6,,Yamato Fujinaka,Japan,,,"Tokyo, Japan",54,male,orthodox,,,7,,,"Tokyo, Japan",1992-06-09  / age 27,10,686774,,2014-05-03,heavy,1,,1,,Ryu Ueda,Japan,,,"Tokyo, Japan",35,male,southpaw,,,8
168,2019-04-05,L,Ryu Ueda*,Yamato Fujinaka,537308,686774,TKO,FALSE,Korakuen Hall,7 1 1,,,"Miyazaki, Miyazaki, Japan",1985-09-02  / age 34,13,537308,,2010-05-19,heavy,0,,6,,Yamato Fujinaka,Japan,,,"Tokyo, Japan",54,male,orthodox,,,7,,,"Tokyo, Japan",1992-06-09  / age 27,10,686774,,2014-05-03,heavy,1,,1,,Ryu Ueda,Japan,,,"Tokyo, Japan",35,male,southpaw,,,8
169,2019-04-05,L,Ryu Ueda*,Yamato Fujinaka,537308,686774,TKO,FALSE,Korakuen Hall,7 1 1,,,"Miyazaki, Miyazaki, Japan",1985-09-02  / age 34,13,537308,,2010-05-19,heavy,0,,6,,Yamato Fujinaka,Japan,,,"Tokyo, Japan",54,male,orthodox,,,7,,,"Tokyo, Japan",1992-06-09  / age 27,10,686774,,2014-05-03,heavy,1,,1,,Ryu Ueda,Japan,,,"Tokyo, Japan",35,male,southpaw,,,8
170,2018-03-13,L,Suthat Kalalek,Yamato Fujinaka,537308,650727,UD,FALSE,Korakuen Hall,10 7 0,,,"Miyazaki, Miyazaki, Japan",1985-09-02  / age 34,13,537308,,2010-05-19,heavy,0,,6,,Yamato Fujinaka,Japan,,,"Tokyo, Japan",54,male,orthodox,,,7,Kajornsak Saikaew Boxing Camp,,"Ubon Ratchathani, Thailand",1995-05-12  / age 24,25,650727,,2012-12-03,heavy,0,5′ 7″ / 170cm,11,,Suthat Kalalek,Thailand,,,"Bangkok, Thailand",121,male,orthodox,,,14
171,2018-03-13,L,Suthat Kalalek,Yamato Fujinaka,537308,650727,UD,FALSE,Korakuen Hall,10 7 0,,,"Miyazaki, Miyazaki, Japan",1985-09-02  / age 34,13,537308,,2010-05-19,heavy,0,,6,,Yamato Fujinaka,Japan,,,"Tokyo, Japan",54,male,orthodox,,,7,Kajornsak Saikaew Boxing Camp,,"Ubon Ratchathani, Thailand",1995-05-12  / age 24,25,650727,,2012-12-03,heavy,0,5′ 7″ / 170cm,11,,Suthat Kalalek,Thailand,,,"Bangkok, Thailand",121,male,orthodox,,,14
172,2016-03-16,W,Sumate Poomglao,Yamato Fujinaka,537308,746360,TKO,FALSE,Korakuen Hall,debut,,,"Miyazaki, Miyazaki, Japan",1985-09-02  / age 34,13,537308,,2010-05-19,heavy,0,,6,,Yamato Fujinaka,Japan,,,"Tokyo, Japan",54,male,orthodox,,,7,,,,,,,,,,,,,,,,,,,,,,,,
173,2016-03-16,W,Sumate Poomglao,Yamato Fujinaka,537308,746360,TKO,FALSE,Korakuen Hall,debut,,,"Miyazaki, Miyazaki, Japan",1985-09-02  / age 34,13,537308,,2010-05-19,heavy,0,,6,,Yamato Fujinaka,Japan,,,"Tokyo, Japan",54,male,orthodox,,,7,,,,,,,,,,,,,,,,,,,,,,,,
174,2015-11-18,L,Ryu Ueda*,Yamato Fujinaka,537308,686774,UD,FALSE,Korakuen Hall,4 0 0,,,"Miyazaki, Miyazaki, Japan",1985-09-02  / age 34,13,537308,,2010-05-19,heavy,0,,6,,Yamato Fujinaka,Japan,,,"Tokyo, Japan",54,male,orthodox,,,7,,,"Tokyo, Japan",1992-06-09  / age 27,10,686774,,2014-05-03,heavy,1,,1,,Ryu Ueda,Japan,,,"Tokyo, Japan",35,male,southpaw,,,8
175,2015-11-18,L,Ryu Ueda*,Yamato Fujinaka,537308,686774,UD,FALSE,Korakuen Hall,4 0 0,,,"Miyazaki, Miyazaki, Japan",1985-09-02  / age 34,13,537308,,2010-05-19,heavy,0,,6,,Yamato Fujinaka,Japan,,,"Tokyo, Japan",54,male,orthodox,,,7,,,"Tokyo, Japan",1992-06-09  / age 27,10,686774,,2014-05-03,heavy,1,,1,,Ryu Ueda,Japan,,,"Tokyo, Japan",35,male,southpaw,,,8
176,2015-11-18,L,Ryu Ueda*,Yamato Fujinaka,537308,686774,UD,FALSE,Korakuen Hall,4 0 0,,,"Miyazaki, Miyazaki, Japan",1985-09-02  / age 34,13,537308,,2010-05-19,heavy,0,,6,,Yamato Fujinaka,Japan,,,"Tokyo, Japan",54,male,orthodox,,,7,,,"Tokyo, Japan",1992-06-09  / age 27,10,686774,,2014-05-03,heavy,1,,1,,Ryu Ueda,Japan,,,"Tokyo, Japan",35,male,southpaw,,,8
177,2015-11-18,L,Ryu Ueda*,Yamato Fujinaka,537308,686774,UD,FALSE,Korakuen Hall,4 0 0,,,"Miyazaki, Miyazaki, Japan",1985-09-02  / age 34,13,537308,,2010-05-19,heavy,0,,6,,Yamato Fujinaka,Japan,,,"Tokyo, Japan",54,male,orthodox,,,7,,,"Tokyo, Japan",1992-06-09  / age 27,10,686774,,2014-05-03,heavy,1,,1,,Ryu Ueda,Japan,,,"Tokyo, Japan",35,male,southpaw,,,8
178,2015-05-29,W,Thattadet Saraban,Yamato Fujinaka,537308,657350,TKO,FALSE,Korakuen Hall,0 2 0,,,"Miyazaki, Miyazaki, Japan",1985-09-02  / age 34,13,537308,,2010-05-19,heavy,0,,6,,Yamato Fujinaka,Japan,,,"Tokyo, Japan",54,male,orthodox,,,7,,,,,,,,,,,,,,,,,,,,,,,,
179,2015-05-29,W,Thattadet Saraban,Yamato Fujinaka,537308,657350,TKO,FALSE,Korakuen Hall,0 2 0,,,"Miyazaki, Miyazaki, Japan",1985-09-02  / age 34,13,537308,,2010-05-19,heavy,0,,6,,Yamato Fujinaka,Japan,,,"Tokyo, Japan",54,male,orthodox,,,7,,,,,,,,,,,,,,,,,,,,,,,,
180,2015-03-13,W,Ki Nam Kim,Yamato Fujinaka,537308,429161,UD,FALSE,Korakuen Hall,4 6 3,,,"Miyazaki, Miyazaki, Japan",1985-09-02  / age 34,13,537308,,2010-05-19,heavy,0,,6,,Yamato Fujinaka,Japan,,,"Tokyo, Japan",54,male,orthodox,,,7,,,,,,,,,,,,,,,,,,,,,,,,
181,2015-03-13,W,Ki Nam Kim,Yamato Fujinaka,537308,429161,UD,FALSE,Korakuen Hall,4 6 3,,,"Miyazaki, Miyazaki, Japan",1985-09-02  / age 34,13,537308,,2010-05-19,heavy,0,,6,,Yamato Fujinaka,Japan,,,"Tokyo, Japan",54,male,orthodox,,,7,,,,,,,,,,,,,,,,,,,,,,,,
182,2013-04-21,W,Kyung Hak Lee,Yamato Fujinaka,537308,566472,MD,FALSE,Korakuen Hall,3 1 1,,,"Miyazaki, Miyazaki, Japan",1985-09-02  / age 34,13,537308,,2010-05-19,heavy,0,,6,,Yamato Fujinaka,Japan,,,"Tokyo, Japan",54,male,orthodox,,,7,,,,,,,,,,,,,,,,,,,,,,,,
183,2013-04-21,W,Kyung Hak Lee,Yamato Fujinaka,537308,566472,MD,FALSE,Korakuen Hall,3 1 1,,,"Miyazaki, Miyazaki, Japan",1985-09-02  / age 34,13,537308,,2010-05-19,heavy,0,,6,,Yamato Fujinaka,Japan,,,"Tokyo, Japan",54,male,orthodox,,,7,,,,,,,,,,,,,,,,,,,,,,,,
184,2012-12-16,W,Masa Takezo,Yamato Fujinaka,537308,536261,TKO,FALSE,Korakuen Hall,3 2 0,,,"Miyazaki, Miyazaki, Japan",1985-09-02  / age 34,13,537308,,2010-05-19,heavy,0,,6,,Yamato Fujinaka,Japan,,,"Tokyo, Japan",54,male,orthodox,,,7,,,,,,,,,,,,,,,,,,,,,,,,
185,2012-12-16,W,Masa Takezo,Yamato Fujinaka,537308,536261,TKO,FALSE,Korakuen Hall,3 2 0,,,"Miyazaki, Miyazaki, Japan",1985-09-02  / age 34,13,537308,,2010-05-19,heavy,0,,6,,Yamato Fujinaka,Japan,,,"Tokyo, Japan",54,male,orthodox,,,7,,,,,,,,,,,,,,,,,,,,,,,,
186,2012-11-04,W,Mammoth Ueta,Yamato Fujinaka,537308,552559,SD,FALSE,Korakuen Hall,0 3 0,,,"Miyazaki, Miyazaki, Japan",1985-09-02  / age 34,13,537308,,2010-05-19,heavy,0,,6,,Yamato Fujinaka,Japan,,,"Tokyo, Japan",54,male,orthodox,,,7,,,,,,,,,,,,,,,,,,,,,,,,
187,2012-11-04,W,Mammoth Ueta,Yamato Fujinaka,537308,552559,SD,FALSE,Korakuen Hall,0 3 0,,,"Miyazaki, Miyazaki, Japan",1985-09-02  / age 34,13,537308,,2010-05-19,heavy,0,,6,,Yamato Fujinaka,Japan,,,"Tokyo, Japan",54,male,orthodox,,,7,,,,,,,,,,,,,,,,,,,,,,,,
188,2011-05-07,L,Taka Shirasaka,Yamato Fujinaka,537308,352288,MD,FALSE,"Prefectural Gymnasium, Osaka",2 3 0,,,"Miyazaki, Miyazaki, Japan",1985-09-02  / age 34,13,537308,,2010-05-19,heavy,0,,6,,Yamato Fujinaka,Japan,,,"Tokyo, Japan",54,male,orthodox,,,7,,,,,,,,,,,,,,,,,,,,,,,,
189,2011-05-07,L,Taka Shirasaka,Yamato Fujinaka,537308,352288,MD,FALSE,"Prefectural Gymnasium, Osaka",2 3 0,,,"Miyazaki, Miyazaki, Japan",1985-09-02  / age 34,13,537308,,2010-05-19,heavy,0,,6,,Yamato Fujinaka,Japan,,,"Tokyo, Japan",54,male,orthodox,,,7,,,,,,,,,,,,,,,,,,,,,,,,
190,2011-04-02,W,Mammoth Ueta,Yamato Fujinaka,537308,552559,UD,FALSE,Korakuen Hall,0 1 0,,,"Miyazaki, Miyazaki, Japan",1985-09-02  / age 34,13,537308,,2010-05-19,heavy,0,,6,,Yamato Fujinaka,Japan,,,"Tokyo, Japan",54,male,orthodox,,,7,,,,,,,,,,,,,,,,,,,,,,,,
191,2011-04-02,W,Mammoth Ueta,Yamato Fujinaka,537308,552559,UD,FALSE,Korakuen Hall,0 1 0,,,"Miyazaki, Miyazaki, Japan",1985-09-02  / age 34,13,537308,,2010-05-19,heavy,0,,6,,Yamato Fujinaka,Japan,,,"Tokyo, Japan",54,male,orthodox,,,7,,,,,,,,,,,,,,,,,,,,,,,,
192,2010-12-05,L,Masa Takezo,Yamato Fujinaka,537308,536261,UD,FALSE,"IMP Hall, Osaka",0 1 0,,,"Miyazaki, Miyazaki, Japan",1985-09-02  / age 34,13,537308,,2010-05-19,heavy,0,,6,,Yamato Fujinaka,Japan,,,"Tokyo, Japan",54,male,orthodox,,,7,,,,,,,,,,,,,,,,,,,,,,,,
193,2010-12-05,L,Masa Takezo,Yamato Fujinaka,537308,536261,UD,FALSE,"IMP Hall, Osaka",0 1 0,,,"Miyazaki, Miyazaki, Japan",1985-09-02  / age 34,13,537308,,2010-05-19,heavy,0,,6,,Yamato Fujinaka,Japan,,,"Tokyo, Japan",54,male,orthodox,,,7,,,,,,,,,,,,,,,,,,,,,,,,
194,2010-05-19,L,Himawari Masa,Yamato Fujinaka,537308,537307,TKO,,Korakuen Hall,debut,,,"Miyazaki, Miyazaki, Japan",1985-09-02  / age 34,13,537308,,2010-05-19,heavy,0,,6,,Yamato Fujinaka,Japan,,,"Tokyo, Japan",54,male,orthodox,,,7,,,,,,,,,,,,,,,,,,,,,,,,
195,2010-05-19,L,Himawari Masa,Yamato Fujinaka,537308,537307,TKO,,Korakuen Hall,debut,,,"Miyazaki, Miyazaki, Japan",1985-09-02  / age 34,13,537308,,2010-05-19,heavy,0,,6,,Yamato Fujinaka,Japan,,,"Tokyo, Japan",54,male,orthodox,,,7,,,,,,,,,,,,,,,,,,,,,,,,
196,2019-08-06,L,Yuichi Baba,Retsu Matsuda,779259,378965,TKO,FALSE,Korakuen Hall,2 4 0,,,"Tokyo, Japan",1997-12-11  / age 21,8,779259,,2016-11-08,minimum,1,,5,,Retsu Matsuda,Japan,,,"Tokyo, Japan",26,male,orthodox,,,2,,,,,,,,,,,,,,,,,,,,,,,,
197,2019-08-06,L,Yuichi Baba,Retsu Matsuda,779259,378965,TKO,FALSE,Korakuen Hall,2 4 0,,,"Tokyo, Japan",1997-12-11  / age 21,8,779259,,2016-11-08,minimum,1,,5,,Retsu Matsuda,Japan,,,"Tokyo, Japan",26,male,orthodox,,,2,,,,,,,,,,,,,,,,,,,,,,,,
198,2019-08-06,L,Yuichi Baba,Retsu Matsuda,779259,378965,TKO,FALSE,Korakuen Hall,2 4 0,,,"Tokyo, Japan",1997-12-11  / age 21,8,779259,,2016-11-08,minimum,1,,5,,Retsu Matsuda,Japan,,,"Tokyo, Japan",26,male,orthodox,,,2,,,,,,,,,,,,,,,,,,,,,,,,
199,2019-05-18,D,Yuji Hirai,Retsu Matsuda,779259,841102,MD,FALSE,Sumida City Gymnasium,3 0 0,,,"Tokyo, Japan",1997-12-11  / age 21,8,779259,,2016-11-08,minimum,1,,5,,Retsu Matsuda,Japan,,,"Tokyo, Japan",26,male,orthodox,,,2,,,,,,,,,,,,,,,,,,,,,,,,